dataset,method,baseline,n,success_rate,sensitivity_mean,stability_lipschitz_mean,stability_mean_attr_change_mean,fidelity_del_auc_mean,fidelity_ins_auc_mean,fidelity_del_delta_topk_mean,fidelity_ins_delta_topk_mean,cosine_truegrad_mean,boundary_alignment_mean
data_wgs,ig,zero,400,1.0,,0.25702024806290863,0.006882723370576665,1.0199238798767327,4.352103909254074,5.139540846347809,5.139540982246399,0.7906123986840248,0.10310400366783141
data_wgs,ig,boundarycrawler,400,1.0,,0.2570202681049705,0.0068827236130794825,0.6660776972677559,4.124169365167618,5.59148494720459,5.591484927535057,0.9388709270954132,0.03418539017438889
data_wgs,ig,gs,400,1.0,,0.2570202815160155,0.00688272405381819,0.5269433798361569,4.325114342570305,5.630257629752159,5.630257627367973,0.8109076222777367,0.0660907394438982
data_wgs,lime,zero,400,1.0,,2.211620191037655,0.048299566602644825,1.0181744457781314,4.353853351473808,5.138409673571586,5.138409807682037,0.7910978053510189,0.09936726905405521
data_wgs,lime,boundarycrawler,400,1.0,,1.899786937236786,0.041159999845471855,0.6699386281240731,4.12030843436718,5.597961331605911,5.59796131670475,0.9286793191730977,0.029451083540916443
data_wgs,lime,gs,400,1.0,,1.9600831961631775,0.04224273288801003,0.5275830703414977,4.324474651217461,5.628422549962997,5.628422549366951,0.8065754149854183,0.06234870292246342
data_wgs,ks,zero,400,1.0,,0.2573137098550797,0.0068783348317277455,1.0199238798767327,4.352103909254074,5.139540846347809,5.139540982246399,0.7906125773489475,0.10310394965112209
data_wgs,ks,boundarycrawler,400,1.0,,0.2573151509091258,0.0068783317593818834,0.6660776972677559,4.124169365167618,5.59148494720459,5.591484927535057,0.9388708361983299,0.034185444116592405
data_wgs,ks,gs,400,1.0,,0.25731330130249264,0.006878336257466193,0.5269433798361569,4.325114342570305,5.630257629752159,5.630257627367973,0.8109076547622681,0.06609076291322707
