dataset,method,baseline,n,success_rate,sensitivity_mean,stability_lipschitz_mean,stability_mean_attr_change_mean,fidelity_del_auc_mean,fidelity_ins_auc_mean,fidelity_del_delta_topk_mean,fidelity_ins_delta_topk_mean,cosine_truegrad_mean,boundary_alignment_mean
data_wgs,ig,zero,2000,1.0,,11.894815343290567,0.03512488809678912,-0.6422199352681637,0.5804209905266762,4.0587197239398956,4.191874229297042,0.7159234461835585,0.06950571905449032
data_wgs,ig,boundarycrawler,2000,1.0,,1.181785106241703,0.008424920566606769,2.320686932146549,2.545675106912851,0.6503937995433807,0.6580943273901939,0.641132633658126,-0.06795800121501089
data_wgs,ig,gs,2000,1.0,,1.100913612447679,0.008321635823724978,2.437944732606411,2.62342622166872,0.46427598533034325,0.47527837893366814,0.39999129997062843,-0.08891352732945233
data_wgs,lime,zero,2000,1.0,,50.27423548639007,0.07251530786433517,-0.7203766109645366,0.6585776662230491,4.217339277029038,4.3454381613731385,0.7335773147512227,0.07011035787686705
data_wgs,lime,boundarycrawler,2000,1.0,,4.0728270370401445,0.009499588310095773,2.3199256103634833,2.546436428695917,0.6513064466714859,0.6596319612860679,0.6357986856019124,-0.07015934434905648
data_wgs,lime,gs,2000,1.0,,2.543579677764792,0.005817354292593882,2.4374576849341394,2.623913269340992,0.4646658208668232,0.47593384543061257,0.40828426529467104,-0.09927676220983267
data_wgs,ks,zero,2000,1.0,,51.387005925759674,0.06710234662720971,-0.7210300028473139,0.6592310581058264,4.216339857578277,4.345729310512542,0.7322968713238369,0.06830844892561436
data_wgs,ks,boundarycrawler,2000,1.0,,2.7879691304638983,0.009305008632424627,2.3197519365251065,2.546610102534294,0.651590345621109,0.659964318215847,0.6419483416955918,-0.07554474506527185
data_wgs,ks,gs,2000,1.0,,2.1027423267997802,0.008825028748426044,2.437400936663151,2.6239700176119802,0.46479426136612895,0.4760521927177906,0.4101699474554043,-0.0998894136864692
