dataset,method,baseline,n,success_rate,sensitivity_mean,stability_lipschitz_mean,stability_mean_attr_change_mean,fidelity_del_auc_mean,fidelity_ins_auc_mean,fidelity_del_delta_topk_mean,fidelity_ins_delta_topk_mean,cosine_truegrad_mean,boundary_alignment_mean
data_wgs,ig,zero,400,1.0,,0.4287326408177614,0.00788759680101551,1.6108911927044391,5.303784365653992,6.9376411736011505,6.937641222476959,0.8780965869128704,0.058360948264598846
data_wgs,ig,boundarycrawler,400,1.0,,0.4287329114228487,0.007887596773163143,1.3754592967033386,5.522827160954475,7.0011531120538715,7.001153094172477,0.944854918718338,0.022012887597084044
data_wgs,ig,gs,400,1.0,,0.4287324038147926,0.007887595846463228,1.3552690848708153,5.578152866363525,7.0690115654468535,7.069011601209641,0.9203347130119801,0.023922768235206605
data_wgs,lime,zero,400,1.0,,1.958712208122015,0.025524264341918748,1.6110371811687947,5.303638377189636,6.937586393356323,6.937586442232132,0.8764282980561257,0.060195598602294925
data_wgs,lime,boundarycrawler,400,1.0,,1.9859076368808746,0.025916071257204746,1.3756156247854232,5.522670841813087,7.000700873732566,7.000700857043267,0.9402178370952606,0.023029164522886277
data_wgs,lime,gs,400,1.0,,1.8402597603201867,0.02392041394238671,1.3553497568890451,5.578072199821472,7.069966518878937,7.069966555833816,0.9168542923033237,0.024832632690668106
data_wgs,ks,zero,400,1.0,,0.42998570665717123,0.007876439728124145,1.6108911927044391,5.303784365653992,6.9376411736011505,6.937641222476959,0.8780966779589653,0.058360975980758664
data_wgs,ks,boundarycrawler,400,1.0,,0.4299865582585335,0.007876425812903714,1.3754592967033386,5.522827160954475,7.0011531120538715,7.001153094172477,0.9448550149798394,0.022012914568185805
data_wgs,ks,gs,400,1.0,,0.429982590302825,0.007876427497064773,1.3552690848708153,5.578152866363525,7.0690115654468535,7.069011601209641,0.9203347854316235,0.023922808915376664
