dataset,method,baseline,n,success_rate,sensitivity_mean,stability_lipschitz_mean,stability_mean_attr_change_mean,fidelity_del_auc_mean,fidelity_ins_auc_mean,fidelity_del_delta_topk_mean,fidelity_ins_delta_topk_mean,cosine_truegrad_mean,boundary_alignment_mean
data_wgs,ig,zero,600,1.0,,17.86912577480078,0.06315588767620568,2.0656806286176046,7.718198097546895,19.120928571820258,12.633497612675031,0.7391872077373167,-0.027681461820999783
data_wgs,ig,boundarycrawler,600,1.0,,7.714794751666486,0.051707320335517275,7.891155703465144,10.459897944678863,9.658677053749562,10.136398054560026,0.9267380587011576,0.24448362849652766
data_wgs,ig,gs,600,1.0,,6.862819229643792,0.04985559973148512,8.0237626005585,10.822743837920328,9.465135863224665,10.633634866873424,0.8115575049142406,0.08637026725817122
data_wgs,lime,zero,600,1.0,,250.84566492865483,0.3632314212163231,2.0061202168464662,7.7777585093180335,19.25865112145742,12.643771131038665,0.6561259502420823,-0.09070891668399175
data_wgs,lime,boundarycrawler,600,1.0,,37.87821978399219,0.07472219236827449,7.915144645770391,10.435909002373617,9.69486562381188,10.114731358687083,0.9295684499541919,0.23053402476012708
data_wgs,lime,gs,600,1.0,,64.35074906428655,0.10367081360884024,8.018022112486262,10.828484325992564,9.476566147307555,10.645155286490917,0.8251645253350337,0.08406639484067759
data_wgs,ks,zero,600,1.0,,275.7928003545602,0.3386467067165553,1.9950024779637654,7.788876248200735,19.253427449266116,12.647611819704373,0.6451616428388903,-0.09898237432042757
data_wgs,ks,boundarycrawler,600,1.0,,33.856571707675855,0.07378797455139728,7.883949102560679,10.467104545583327,9.673031882743041,10.150811257362365,0.9349727776398261,0.22552942464749018
data_wgs,ks,gs,600,1.0,,57.08671032967667,0.09940991142610699,8.01799660815547,10.828509830323359,9.476607715288798,10.645166852474212,0.8304731413722038,0.07706463502099116
