dataset,method,baseline,n,success_rate,sensitivity_mean,stability_lipschitz_mean,stability_mean_attr_change_mean,fidelity_del_auc_mean,fidelity_ins_auc_mean,fidelity_del_delta_topk_mean,fidelity_ins_delta_topk_mean,cosine_truegrad_mean,boundary_alignment_mean
data_wgs,ig,zero,400,1.0,,1.320433804690838,0.013152788505669984,1.7135825709998607,3.5598434814810753,4.575785572379828,4.575785643011332,0.892365704253316,0.015838276892900467
data_wgs,ig,boundarycrawler,400,1.0,,1.3204320204257964,0.0131527860626605,1.8734364189207553,3.336969546787441,4.202813935279846,4.202813953310251,0.9775308549404145,0.009002403914928436
data_wgs,ig,gs,400,1.0,,1.320433507859707,0.01315278744854489,1.8738997982442378,3.3381759665906428,4.2027220693230625,4.202722089886666,0.9774861463904381,0.009195971935987472
data_wgs,lime,zero,400,1.0,,4.245021189153195,0.013811826749336129,1.7135825709998607,3.5598434814810753,4.575785572379828,4.575785643011332,0.8922981865704059,0.01603479966521263
data_wgs,lime,boundarycrawler,400,1.0,,4.1956045532226565,0.013893837956271455,1.8734364189207553,3.336969546787441,4.202813935279846,4.202813953310251,0.9761849495768548,0.00929987668991089
data_wgs,lime,gs,400,1.0,,4.206152310371399,0.01389452411052783,1.8738997982442378,3.3381759665906428,4.2027220693230625,4.202722089886666,0.9760219117999077,0.00948317438364029
data_wgs,ks,zero,400,1.0,,1.3199726042151452,0.013252859315948929,1.7135825709998607,3.5598434814810753,4.575785572379828,4.575785643011332,0.8923661967366934,0.015838276892900467
data_wgs,ks,boundarycrawler,400,1.0,,1.3199734929203988,0.013252896407911368,1.8734364189207553,3.336969546787441,4.202813935279846,4.202813953310251,0.9775308384001256,0.009002367407083512
data_wgs,ks,gs,400,1.0,,1.3199860259890557,0.013252901595084646,1.8738997982442378,3.3381759665906428,4.2027220693230625,4.202722089886666,0.9774861285090446,0.009195929914712906
