dataset,method,baseline,n,success_rate,sensitivity_mean,stability_lipschitz_mean,stability_mean_attr_change_mean,fidelity_del_auc_mean,fidelity_ins_auc_mean,fidelity_del_delta_topk_mean,fidelity_ins_delta_topk_mean,cosine_truegrad_mean,boundary_alignment_mean
data_wgs,ig,zero,400,1.0,,3.050063081085682,0.04144694436865393,0.9125455290079116,5.007330221533775,8.48681470990181,8.251239172816277,0.07813838470727205,0.09870689920149743
data_wgs,ig,boundarycrawler,400,1.0,,2.89563118904829,0.04750368972343859,1.8044741733372212,5.295124418288469,5.804819132983685,5.889493632987142,0.8927512105181813,0.08409666485153139
data_wgs,ig,gs,400,1.0,,2.945062942802906,0.048296052757553595,1.7570917730778455,5.352500247955322,5.84788457788527,5.940536473765969,0.8785515824705362,0.07648635457269848
data_wgs,lime,zero,400,1.0,,17.603457970619203,0.22298971023259218,0.9144872152805328,5.012874802052974,8.487555508613587,8.317418173551559,0.04911972664296627,0.10878591709770262
data_wgs,lime,boundarycrawler,400,1.0,,5.4273730427026745,0.0765447341494922,1.8009840798377992,5.297470090538264,5.812699301540851,5.885275800302625,0.8849389240145683,0.08466015947051346
data_wgs,lime,gs,400,1.0,,5.591203226745129,0.07890771457906037,1.751330921947956,5.3575427812337875,5.857817865982652,5.94971757568419,0.8705998609215021,0.07707770228851586
data_wgs,ks,zero,400,1.0,,31.63538011521101,0.38502731917821803,0.9142817777395248,5.027169231027365,8.4772217130661,8.282150294184685,0.05749086361378431,0.10857695365324617
data_wgs,ks,boundarycrawler,400,1.0,,8.764547683000565,0.11658034089556894,1.8025308649241925,5.295825641900301,5.808561349213123,5.885079665854573,0.8910001095384359,0.08460261948872358
data_wgs,ks,gs,400,1.0,,9.105439546704293,0.11993938907484214,1.7538347381353379,5.35719363540411,5.856697622910142,5.9462830606848005,0.8771673033386469,0.07800901245325803
