dataset,method,baseline,n,success_rate,sensitivity_mean,stability_lipschitz_mean,stability_mean_attr_change_mean,fidelity_del_auc_mean,fidelity_ins_auc_mean,fidelity_del_delta_topk_mean,fidelity_ins_delta_topk_mean,cosine_truegrad_mean,boundary_alignment_mean
data_wgs,ig,zero,2000,1.0,,9.852220140874385,0.1213891994072357,1.682904139906168,17.992641823023558,32.20104341840744,27.98729813235998,0.6064063670160249,-0.0822190320584923
data_wgs,ig,boundarycrawler,2000,1.0,,4.425304484218359,0.07266889001422873,13.772619151592254,24.89236211335659,18.4314132399559,19.081744219362736,0.8064161757286638,-0.16254517463129015
data_wgs,ig,gs,2000,1.0,,4.477759258836508,0.07343601310478988,14.108788702130317,25.42375988030434,17.8647765635252,18.62800088131428,0.7507297251615673,-0.16647980913566426
data_wgs,lime,zero,2000,1.0,,97.33797101402283,1.2109836370824525,0.8172731244340539,19.504673746071756,33.26613631045819,30.201249364376068,0.6057341702068224,-0.03095233036694117
data_wgs,lime,boundarycrawler,2000,1.0,,14.935302602946757,0.1940887072002515,13.769943716108799,24.894510051846503,18.43745899605751,19.079639652431013,0.8044990906435996,-0.16294301789382007
data_wgs,lime,gs,2000,1.0,,16.6576175852716,0.21494814984045746,14.107554383695126,25.43511644399166,17.860124185204505,18.63063265120983,0.7491389485094696,-0.16489942455291748
data_wgs,ks,zero,2000,1.0,,166.36997579288482,2.0432665474680562,0.7834418854564429,19.252605972096323,33.39365352857113,29.734273725390434,0.5998000405505299,-0.041827047863509506
data_wgs,ks,boundarycrawler,2000,1.0,,27.64793922007084,0.34613963545310933,13.769145084798335,24.897678372263908,18.437028517484666,19.089784733831884,0.806732562193647,-0.16254406434623525
data_wgs,ks,gs,2000,1.0,,30.82319116681814,0.38567137084775605,14.10519489312172,25.440028963923453,17.875502151608465,18.64336379504204,0.7513090651072561,-0.16449472819734365
