dataset,method,baseline,n,success_rate,sensitivity_mean,stability_lipschitz_mean,stability_mean_attr_change_mean,fidelity_del_auc_mean,fidelity_ins_auc_mean,fidelity_del_delta_topk_mean,fidelity_ins_delta_topk_mean,cosine_truegrad_mean,boundary_alignment_mean
data_wgs,ig,zero,600,1.0,,2.342973289092382,0.036265102153889735,1.2471269650260608,12.257049386501313,19.57123445212841,15.529803947508334,0.7706124599526326,0.07093076282491287
data_wgs,ig,boundarycrawler,600,1.0,,1.929497362971306,0.035315026999140776,6.656035509469609,14.010052801370621,13.03732004404068,14.068543395996095,0.8934279999136925,-0.1487910112241904
data_wgs,ig,gs,600,1.0,,1.9469854507843654,0.03546965944871772,6.36254263398548,14.198143016894658,13.379252624511718,14.206398372650147,0.8660034227371216,-0.14731366575385133
data_wgs,lime,zero,600,1.0,,37.73572536547979,0.47327251578991614,1.1686018110066652,12.36340928296248,19.44898748397827,15.756517786880334,0.7655812690407038,0.07021537729849418
data_wgs,lime,boundarycrawler,600,1.0,,12.978678657213846,0.16475077059169094,6.656470966301859,14.006438537836075,13.042627320289611,14.063921242554983,0.8902473283807436,-0.14724047085891168
data_wgs,lime,gs,600,1.0,,13.56503805478414,0.1713437488749106,6.362523973857363,14.196188513437907,13.377028229236602,14.19993438243866,0.8632901430130004,-0.1453312605774651
data_wgs,ks,zero,600,1.0,,67.78234604835511,0.8240824963466988,1.3211558511604866,12.284400075276693,19.180998761057854,15.559709865152836,0.7573974154144526,0.05837416177615523
data_wgs,ks,boundarycrawler,600,1.0,,34.677988021771114,0.4287824057721947,6.667675006551047,14.002826141119003,13.041019407908122,14.050773080190023,0.8931900927424431,-0.14747320134813588
data_wgs,ks,gs,600,1.0,,33.950460230708124,0.41877632070762205,6.370973517969251,14.192418047587077,13.373189749717712,14.192978474299112,0.8656149486700694,-0.14599098032029967
