dataset,method,baseline,n,success_rate,sensitivity_mean,stability_lipschitz_mean,stability_mean_attr_change_mean,fidelity_del_auc_mean,fidelity_ins_auc_mean,fidelity_del_delta_topk_mean,fidelity_ins_delta_topk_mean,cosine_truegrad_mean,boundary_alignment_mean
data_wgs,ig,zero,600,1.0,,1.030699559847514,0.025023992464412004,4.133173911819855,15.989988638559977,22.023918396631878,20.561559421221414,0.8565105473995209,0.15408308357621234
data_wgs,ig,boundarycrawler,600,1.0,,0.9503360219796498,0.0254282586561102,9.400625443458557,18.613012866973875,15.519519352118174,16.64065455039342,0.8213345589240392,0.059819346951941646
data_wgs,ig,gs,600,1.0,,0.9791416371862094,0.02586773041858234,8.791973826885224,19.21027408440908,15.606245989799499,16.43340882460276,0.7217449864248434,0.0368242267301927
data_wgs,lime,zero,600,1.0,,16.676483902931214,0.36062696559064916,3.750667631402612,15.912116344769796,22.72920424938202,20.353958621025086,0.8480866884191831,0.13700084237226595
data_wgs,lime,boundarycrawler,600,1.0,,9.0784570423762,0.1956313906398912,9.414740556081137,18.61072434425354,15.475781145095825,16.632331286271413,0.8172730496525764,0.06265595069155097
data_wgs,lime,gs,600,1.0,,11.571008019049962,0.2508077806378197,8.802890380223593,19.207287832895915,15.595054493745169,16.43112372001012,0.7193004999061425,0.038797398676009225
data_wgs,ks,zero,600,1.0,,24.132349424362182,0.5213585551799171,3.763256294007103,15.893871965408325,22.80321400165558,20.25853967030843,0.8477351287504037,0.1250834722754856
data_wgs,ks,boundarycrawler,600,1.0,,41.00146574735641,0.9014807894805239,9.486224037806194,18.546618339220682,15.349028815428415,16.50246826728185,0.8178067454695701,0.059450739876677594
data_wgs,ks,gs,600,1.0,,39.64545467376709,0.8691843066523888,8.846123333772024,19.184981129964193,15.540526436169943,16.423102334340413,0.7184610261023044,0.037371935043483975
