dataset,method,baseline,n,success_rate,sensitivity_mean,stability_lipschitz_mean,stability_mean_attr_change_mean,fidelity_del_auc_mean,fidelity_ins_auc_mean,fidelity_del_delta_topk_mean,fidelity_ins_delta_topk_mean,cosine_truegrad_mean,boundary_alignment_mean
data_wgs,ig,zero,400,1.0,,7.107063455283642,0.12200056235189549,0.3142907037213445,3.117618978396058,4.71283649250865,3.8532932825386523,0.3075062727276236,-0.006987668480724097
data_wgs,ig,boundary,400,1.0,,2.2895634706318377,0.05561537483256931,1.0717831814626697,3.9044475032761694,4.294347453862429,4.285873866938054,0.7741359984502196,0.0039230753248557446
data_wgs,lime,zero,400,1.0,,37.50024371623993,0.8207361553882557,0.18641943282447757,3.2613353903987443,4.77683269571513,3.8793641717731955,0.3233797412458807,-0.015264638415537775
data_wgs,lime,boundary,400,1.0,,3.792360060811043,0.08838428770517931,1.068728651527781,3.906415091021918,4.298325668051839,4.290001871623099,0.7655650795251131,0.004648960761260241
data_wgs,ks,zero,400,1.0,,58.13240821838379,1.2767999523083369,0.05385716736316681,3.296924496628344,4.94016080904752,3.912927550598979,0.34356788258533927,-0.01543060562806204
data_wgs,ks,boundary,400,1.0,,5.382490277886391,0.12414345283123353,1.067998895611381,3.907425671844394,4.299209238886833,4.296011650823057,0.7745343672856688,0.005442800773307681
