dataset,method,baseline,n,success_rate,sensitivity_mean,stability_lipschitz_mean,stability_mean_attr_change_mean,fidelity_del_auc_mean,fidelity_ins_auc_mean,fidelity_del_delta_topk_mean,fidelity_ins_delta_topk_mean,cosine_truegrad_mean,boundary_alignment_mean
data_wgs,ig,zero,400,1.0,,13.614166682958603,0.06794540471631323,2.074016820192337,5.52677255898714,9.401845207810402,9.372566967606545,0.4933182581886649,0.15604303425177932
data_wgs,ig,boundarycrawler,400,1.0,,7.977928112149239,0.05951886162580922,2.9295390820503235,5.622682095170021,6.564463157951832,7.2460937038064,0.9232598597183823,0.15054857783019543
data_wgs,ig,gs,400,1.0,,9.013510574698449,0.0609798570156078,2.945868932083249,5.626902452111244,6.521986249983311,7.283986028432846,0.928816073089838,0.04993139900267124
data_wgs,lime,zero,400,1.0,,72.02409247756005,0.12475424746780966,2.0089988952875135,5.591790483891964,9.486016561985016,9.388592215180397,0.518224561214447,0.13704143796116114
data_wgs,lime,boundarycrawler,400,1.0,,25.491761108636855,0.07287301882506289,2.9185240983963014,5.633697078824043,6.586493129432202,7.268123677670956,0.9230491877347231,0.15511654503643513
data_wgs,lime,gs,400,1.0,,27.29422618627548,0.07669437052750921,2.939310547783971,5.6334608364105225,6.535103012025356,7.297102791368961,0.9266093641892076,0.05305364653468132
data_wgs,ks,zero,400,1.0,,70.67832395911216,0.11759521213703071,2.0581479158997538,5.5426414632797245,9.451340690851211,9.42676697909832,0.5097573032230138,0.14268906196579337
data_wgs,ks,boundarycrawler,400,1.0,,26.62967135131359,0.07123606241906721,2.9185240983963014,5.633697078824043,6.586493129432202,7.268123677670956,0.9238978872075677,0.15496608965098857
data_wgs,ks,gs,400,1.0,,30.26174501657486,0.07496870483018939,2.9393814188987015,5.633389965295792,6.534961269795895,7.2969610491395,0.9273884874396026,0.05304159849882126
