dataset,method,baseline,n,success_rate,sensitivity_mean,stability_lipschitz_mean,stability_mean_attr_change_mean,fidelity_del_auc_mean,fidelity_ins_auc_mean,fidelity_del_delta_topk_mean,fidelity_ins_delta_topk_mean,cosine_truegrad_mean,boundary_alignment_mean
data_wgs,ig,zero,400,1.0,,2.1615397780388594,0.043076003710603494,0.9234220886230469,4.924463825970888,7.245893488526344,7.3616785782575604,0.10796051623299718,0.06602767597883939
data_wgs,ig,boundarycrawler,400,1.0,,2.2880721506476402,0.05461629730245719,1.0275585941364989,4.930133806765079,5.923035367578268,5.954413782954216,0.8323184283077717,0.0025461336970329287
data_wgs,ig,gs,400,1.0,,2.317452319264412,0.05516920168014864,0.9655379910022021,5.0403960946202275,5.90988086476922,5.934123722165823,0.7803311778604984,-0.006891763380263
data_wgs,lime,zero,400,1.0,,16.45643408805132,0.35923773049671825,0.9168027639389038,4.937916419543326,7.210849919319153,7.394130780100823,0.08669729694724083,0.05288091400056146
data_wgs,lime,boundarycrawler,400,1.0,,4.340720807015896,0.09951985261146913,1.025235196952708,4.931249723881483,5.923384133726358,5.951923472583294,0.8206829858571291,0.002742369476472959
data_wgs,lime,gs,400,1.0,,4.88655069977045,0.11215224664970994,0.9636931197578087,5.045301028043031,5.901338602602482,5.927523082792759,0.7745754726231098,-0.0009216193668544293
data_wgs,ks,zero,400,1.0,,31.115020955204965,0.6867628483308945,0.9244243150949478,4.91905557692051,7.177831807136536,7.274399570822716,0.09605106560513377,0.05797177356202155
data_wgs,ks,boundarycrawler,400,1.0,,7.841239713728428,0.178312172661225,1.0333334198687225,4.92941980957985,5.906001138538122,5.948425253331661,0.8296619182080031,0.004210685971193015
data_wgs,ks,gs,400,1.0,,8.553491096794605,0.1943777780898381,0.9712342092581093,5.045892440527678,5.887847844213248,5.93539059266448,0.7802349048107863,-0.003941068039275706
